"ID","precio","AREA_CONST","RECAMARAS","BANOS","No_de_piso","Edad_inmue","Jardin","Cisterna","Seguridad","Zona.priva","Alberca","Lavanderí","Terraza","Gimnasio","Cuarto.de","Chimenea","Sótano","Aire.acond","Elevador","Urbanizado","CPV_Prop_e","CPV_Prop_a","CPV_Prop_d","CPV_Prop_s","Distance","I_A"
28772737,9500000,165,3,4,4,1,0,1,1,0,0,0,0,0,0,0,0,0,0,0,0.868338558,0.868338558,0.868338558,0.868338558,5663.643806,1
27804669,7450000,230,3,3,3,13,0,1,1,0,0,1,0,0,0,0,0,0,0,0,0.9070480082,0.9060265577,0.9060265577,0.9060265577,11204.00267,0.6
28660612,4250000,165,3,3,1,16,0,0,0,0,0,1,0,0,0,0,0,0,0,0,0.9695652174,0.9695652174,0.9695652174,0.9695652174,14919.43985,0.5
28799275,6500000,170,4,2,3,7,1,1,0,1,0,0,1,0,0,0,0,0,0,0,0.9210526316,0.9210526316,0.9210526316,0.9210526316,4967.195905,1
28661094,8900000,190,3,2,1,16,0,0,0,0,0,0,0,0,0,0,0,0,0,0,0.5636363636,0.5636363636,0.5636363636,0.5636363636,9063.685248,0.5
28661483,16500000,490,5,4,1,32,0,0,0,0,0,0,0,0,0,0,0,0,0,0,0.9070480082,0.9060265577,0.9060265577,0.9060265577,11204.00267,0.6
28251712,5600000,133,2,2,2,10,0,1,1,0,0,1,0,0,0,0,0,0,0,0,0.9,0.9,0.9,0.9,17931.11682,1
28756873,6490000,142,3,3,3,11,0,1,1,1,0,0,0,0,0,0,0,0,0,0,0.9736842105,0.9736842105,0.9736842105,0.9736842105,6596.171831,1
27285281,5750000,236,3,3,2,1,0,1,1,1,0,0,1,0,0,0,0,0,0,0,0.9071428571,0.9071428571,0.9071428571,0.9071428571,16624.49463,1
26639651,28000000,450,3,3,2,10,0,1,0,1,1,0,0,1,0,0,0,0,0,0,0.581120944,0.5781710914,0.581120944,0.581120944,9133.171327,0.5
28723724,2870000,251,4,3,1,39,0,0,0,0,0,0,0,0,0,0,0,0,0,0,0.9487179487,0.7692307692,0.9487179487,0.9487179487,16413.15733,0.9
28660477,5900000,215,3,2,1,29,0,0,0,0,0,1,0,0,0,0,0,0,0,0,1,1,1,1,12834.22193,0.6
28625397,11200000,350,4,3,2,40,0,1,0,1,0,0,0,0,0,0,0,0,0,0,0.8510638298,0.8510638298,0.8510638298,0.8510638298,9384.862692,1
28712309,6000000,237,3,2,1,30,0,0,1,0,0,0,0,0,1,0,0,0,0,0,0.9290322581,0.9290322581,0.9290322581,0.9290322581,14639.35425,0.6
28666085,8200000,297,3,2,2,1,0,0,0,0,0,0,0,0,0,1,0,0,0,0,1,1,1,1,7945.936468,0.5
28101857,7180000,300,4,4,2,25,1,0,0,0,0,1,0,0,0,0,0,0,0,0,0.8858695652,0.8858695652,0.8858695652,0.8858695652,16039.84805,0.5
28662419,18500000,618,3,3,1,34,0,0,0,0,0,1,0,0,0,1,0,0,0,0,0.9068965517,0.9051724138,0.9051724138,0.9051724138,11251.54312,0.6
28660275,22890000,513,4,4,1,26,0,0,1,0,0,1,0,0,0,0,0,0,0,0,0.8787878788,0.8333333333,0.8787878788,0.8787878788,12647.0057,0.6
28715860,9850000,240,3,2,2,45,1,1,0,0,0,0,0,0,0,0,0,0,0,0,0.7252747253,0.7252747253,0.7252747253,0.7252747253,7190.91401,1
28662761,15500000,500,4,5,1,40,0,0,0,0,0,1,1,0,0,0,0,0,0,0,0.9068965517,0.9051724138,0.9051724138,0.9051724138,11251.54312,0.6
28846897,9000000,270,3,3,2,1,0,0,0,0,0,0,0,0,0,0,0,0,0,0,0.8095238095,0.8095238095,0.8095238095,0.8095238095,3063.103454,1
28546746,4690000,280,4,4,1,1,0,0,0,0,0,0,1,0,0,0,0,0,0,0,0.9302325581,0.9302325581,0.9302325581,0.9302325581,13846.99511,0.9
28831015,9600000,301,3,5,2,1,0,0,0,0,0,0,0,0,1,0,0,0,0,0,0.954593453,0.949313622,0.954593453,0.954593453,11609.62154,0.6
28661936,24900000,1150,5,4,1,20,0,0,0,0,0,0,1,0,0,0,0,0,0,0,0.9130434783,0.9130434783,0.9130434783,0.9130434783,14872.51312,0.5
28659940,4300000,291,4,2,1,25,0,0,0,0,0,0,0,0,0,0,0,0,0,0,0.9067524116,0.8874598071,0.9099678457,0.9067524116,19425.91885,0.6
28778690,5950000,246,4,3,1,1,0,0,0,0,0,0,0,0,0,0,0,0,0,0,0.8837209302,0.8837209302,0.8837209302,0.8837209302,6107.844876,1
28625645,15789000,519,12,8,1,1,0,0,0,0,0,0,0,0,0,0,0,0,0,0,0.8139534884,0.8139534884,0.8139534884,0.8139534884,8254.727299,0.9
28631858,53000000,448,4,3,1,1,0,0,0,0,0,0,0,0,0,0,0,0,0,0,0.3615221987,0.3615221987,0.3615221987,0.3615221987,7094.748769,0.9
28722938,22500000,750,7,4,1,1,0,0,0,0,0,0,0,0,0,0,0,0,0,0,0.8048780488,0.8048780488,0.8048780488,0.8048780488,8428.754588,1
28662554,20500000,955,3,5,1,41,0,0,0,0,1,0,1,0,0,0,0,0,0,0,1,1,1,1,13599.05759,1
27427313,8250000,400,4,3,2,45,0,1,0,1,0,0,0,0,0,1,0,0,0,0,0.9473684211,0.9473684211,0.9473684211,0.9473684211,13656.76201,0.6
28762827,6600000,203,3,2,1,1,0,0,0,0,0,0,0,0,0,0,0,0,0,0,0.9655172414,0.9655172414,0.9655172414,0.9655172414,10417.92031,0.6
27586526,10500000,319,4,4,3,50,0,0,1,1,0,0,0,0,0,0,0,0,0,0,0.9337349398,0.9307228916,0.9337349398,0.9337349398,12095.32881,0.5
23701112,12850000,306,1,3,1,33,0,0,0,0,0,0,0,0,0,0,0,0,0,0,0.8823529412,0.8823529412,0.8823529412,0.8823529412,9812.124085,0.9
23965760,29900000,564,4,3,2,40,0,1,0,1,0,0,0,0,0,1,0,0,0,0,0.8823529412,0.8823529412,0.8823529412,0.8823529412,9812.124085,0.9
27926439,24900000,326,3,3,2,13,1,1,0,0,0,0,0,0,0,1,0,0,0,0,0.8636363636,0.8636363636,0.8636363636,0.8636363636,7206.230795,1
28567032,11000000,300,6,4,1,1,1,0,0,0,0,0,1,0,1,0,0,0,0,0,0.9224137931,0.9224137931,0.9224137931,0.9224137931,9287.868495,1
28651106,52000000,1200,3,4,1,20,1,0,1,0,0,0,0,0,1,0,0,0,0,0,0.9712525667,0.9527720739,0.9589322382,0.9568788501,11124.71562,0.5
28651107,52000000,1200,3,4,1,20,1,0,1,0,0,0,0,0,1,0,0,0,0,0,0.7555555556,0.7555555556,0.7555555556,0.7555555556,8410.923839,0.5
21872833,2100000,250,6,3,1,31,0,0,0,0,0,0,0,0,0,0,0,0,0,0,1,1,1,1,13856.869,0.6
28545932,18000000,530,10,6,1,1,0,0,0,0,0,0,0,0,0,0,0,0,0,0,0.8484848485,0.8484848485,0.8484848485,0.8484848485,6436.687947,1
28662434,19900000,480,4,4,1,5,0,0,0,0,0,1,1,1,0,1,0,0,0,0,0.92,0.6936170213,0.92,0.9182978723,16660.97545,1
28566972,49000000,750,4,4,1,9,1,0,1,0,0,0,1,0,1,0,0,0,0,0,0.7878787879,0.7878787879,0.7878787879,0.7878787879,9510.388218,1
27905272,7999980,224,3,3,2,9,0,1,0,1,0,0,0,1,0,0,0,0,0,0,1,1,1,1,12834.22193,0.6
25032574,6950000,146,2,2,1,1,0,0,0,0,0,0,1,0,0,0,0,0,0,0,0.9189189189,0.9189189189,0.9189189189,0.9189189189,6638.793199,1
26093789,33000000,509,7,4,3,40,0,1,0,0,0,0,0,0,0,0,0,0,0,0,0.8888888889,0.8888888889,0.8888888889,0.8888888889,6533.775375,0.5
28062807,60000000,1052,3,3,1,35,1,0,1,0,0,0,0,0,1,0,0,0,0,0,0.875,0.875,0.875,0.875,5729.691169,0.6
28232776,11305350,143,3,2,3,1,0,1,0,1,0,0,1,0,0,0,0,0,0,0,0.9090909091,0.9090909091,0.9090909091,0.9090909091,2453.982202,0.7
28610397,7000000,103,2,2,1,1,0,0,1,0,0,0,0,0,0,0,0,0,1,0,0.9385113269,0.9385113269,0.9385113269,0.9385113269,6590.184597,1
28684820,4750000,71,2,2,1,1,0,0,0,1,1,0,0,1,0,0,0,0,1,0,0.8333333333,0.8333333333,0.8333333333,0.8333333333,7270.380615,1
16052498,4950000,97,2,2,1,5,0,0,1,0,0,0,0,0,0,0,0,0,0,0,0.8533834586,0.8533834586,0.8533834586,0.8533834586,3462.166539,0.7
27923503,6725000,109,2,2,1,1,0,0,1,0,0,0,1,0,0,0,0,0,1,0,0.8088235294,0.8088235294,0.8088235294,0.8088235294,4442.712411,0.7
28830906,3600000,108,3,2,4,1,0,0,0,0,0,0,0,0,0,0,0,0,0,0,0.8095238095,0.7857142857,0.8095238095,0.8095238095,14278.30875,0.5
28720572,4664847,96,3,2,1,1,0,0,0,0,0,0,0,0,0,0,0,0,0,0,0.3181818182,0.3131313131,0.3181818182,0.3181818182,9497.743536,0.9
28667132,2240000,74,2,1,1,1,0,0,0,0,0,0,1,0,0,0,0,0,0,0,0.9523809524,0.9523809524,0.9523809524,0.9523809524,9561.204815,0.9
28662125,9300000,140,2,2,1,44,0,0,0,0,0,0,0,0,0,0,0,0,1,0,0.7345132743,0.7345132743,0.7345132743,0.7345132743,2072.84549,1
28723693,2325300,31,1,1,1,1,0,0,0,0,0,0,0,0,0,0,0,0,0,0,0.7619047619,0.7523809524,0.7619047619,0.7619047619,1585.693532,1
28661744,3179410,44,1,1,1,1,0,0,1,0,0,0,0,0,0,0,0,0,1,0,0.9322709163,0.9322709163,0.9322709163,0.9322709163,2185.819655,1
28661744,3179410,44,1,1,1,1,0,0,1,0,0,0,0,0,0,0,0,0,1,0,0.9,0.9,0.9,0.9,2185.819655,1
28661763,4340000,46,1,1,1,1,0,0,1,0,0,0,1,0,0,0,0,0,1,0,0.9322709163,0.9322709163,0.9322709163,0.9322709163,2185.819655,1
28661763,4340000,46,1,1,1,1,0,0,1,0,0,0,1,0,0,0,0,0,1,0,0.9,0.9,0.9,0.9,2185.819655,1
28534758,2409000,48,2,1,1,3,0,0,1,0,0,0,0,0,0,0,0,0,1,0,0.8516129032,0.8516129032,0.8516129032,0.8516129032,7606.165108,1
26974570,5365000,83,2,2,2,1,0,0,0,0,0,0,0,0,0,0,0,0,1,0,0.8888888889,0.8888888889,0.8888888889,0.8888888889,6747.12226,1
27970188,5260000,112,3,2,1,17,0,0,1,0,0,0,0,0,0,0,0,0,1,0,0.8928571429,0.8928571429,0.8928571429,0.8928571429,7277.482941,1
28660389,4500000,96,2,2,1,7,0,0,1,0,0,0,0,1,0,0,0,0,0,0,0.9069767442,0.9069767442,0.9069767442,0.9069767442,6007.427758,0.5
27780598,4650000,150,3,2,4,20,0,0,0,0,0,0,0,0,0,0,0,0,0,0,0.9166666667,0.9166666667,0.9166666667,0.9166666667,8094.380646,1
28215693,4491290,71,2,2,1,1,0,1,0,1,0,0,0,0,0,0,0,0,1,0,0.9090909091,0.9090909091,0.9090909091,0.9090909091,5563.029242,1
28587402,2020000,56,2,1,1,9,0,1,0,1,0,1,0,0,0,0,0,0,0,0,0.8484848485,0.8468899522,0.8484848485,0.8484848485,6713.972112,1
28661559,5200000,74,2,2,1,5,0,0,0,0,1,0,0,0,0,0,0,0,0,0,0.9145299145,0.9145299145,0.9145299145,0.9145299145,10373.64258,1
28072809,4100000,123,3,2,1,7,0,1,0,1,1,0,0,1,0,0,0,0,1,0,0.6436363636,0.6436363636,0.6436363636,0.6436363636,15429.38984,0.5
28662029,6811411,91,2,2,1,1,0,0,0,0,0,0,0,0,0,0,0,0,1,0,0.7345132743,0.7345132743,0.7345132743,0.7345132743,2072.84549,1
28753331,4900000,147,3,1,1,1,0,0,0,0,0,0,0,0,0,0,0,0,0,0,0.8684210526,0.8684210526,0.8684210526,0.8684210526,973.8776303,0.6
28426198,5400000,125,4,2,1,64,0,0,0,0,0,0,0,0,1,0,0,0,0,0,0.896,0.88,0.888,0.888,2446.894058,0.7
28646180,5090000,76,2,2,1,1,0,0,1,0,1,0,0,1,0,0,0,0,1,0,0.1346153846,0.1346153846,0.1346153846,0.1346153846,7949.643079,1
28243385,4520000,88,2,2,5,6,0,1,0,0,1,0,0,1,0,0,0,0,1,0,0.9174311927,0.9174311927,0.9174311927,0.9174311927,13649.54464,1
28662122,10500000,286,3,3,1,38,0,0,0,0,0,1,0,0,0,1,0,0,1,0,0.9195205479,0.9118150685,0.9178082192,0.9169520548,10144.62561,0.5
28603430,4950000,71,2,2,1,1,0,0,0,0,1,0,1,1,0,0,0,0,1,0,0.9189189189,0.9189189189,0.9189189189,0.9189189189,7110.948295,1
28662411,5450000,80,2,2,1,2,0,0,0,0,1,0,1,1,0,0,0,0,0,0,0.9523809524,0.9523809524,0.9523809524,0.9523809524,9063.052533,0.5
25811264,4605553,33,1,1,1,1,0,0,0,0,0,0,0,1,0,0,0,0,1,0,1,1,1,1,1418.325259,1
28839172,4000000,66,1,2,1,9,1,1,1,0,0,0,0,0,0,0,0,0,0,0,0.9183673469,0.9047619048,0.9183673469,0.9183673469,2585.755273,0.6
28661993,4950000,114,3,2,1,40,0,0,0,0,0,1,0,0,0,0,0,0,0,0,0.850678733,0.850678733,0.850678733,0.850678733,4515.846192,1
28794375,3300000,120,2,2,3,1,0,0,1,0,0,0,0,0,0,0,0,0,0,0,0.8703703704,0.8518518519,0.8703703704,0.8703703704,5150.08006,1
28769251,1795000,75,3,1,5,35,0,0,0,0,0,0,0,0,0,0,0,0,0,0,0.95,0.95,0.95,0.95,15619.17099,0.9
28769251,1795000,75,3,1,5,35,0,0,0,0,0,0,0,0,0,0,0,0,0,0,0.9183673469,0.8979591837,0.8979591837,0.8979591837,15619.17099,0.9
28725226,3256000,67,2,1,1,1,0,0,0,0,0,0,0,0,0,0,0,0,0,0,0.5,0.5,0.5,0.5,5410.968524,1
28720529,16500000,215,3,2,1,47,0,0,0,0,0,0,0,0,0,0,0,0,0,0,0.8448275862,0.8275862069,0.8448275862,0.8448275862,2502.959855,1
25285547,4389000,90,2,2,5,2,1,1,0,0,1,0,0,1,0,0,0,0,1,0,0.9680933852,0.9548638132,0.9618677043,0.9595330739,16284.16139,0.5
28289381,1472310,55,2,1,1,1,0,0,0,0,0,0,0,0,0,0,0,0,0,0,0.7,0.7,0.7,0.7,6350.487721,0.9
26608630,1690000,65,2,1,3,1,0,1,1,0,0,0,0,0,0,0,0,0,0,0,0.8431372549,0.8431372549,0.8431372549,0.8431372549,7650.849947,1
28797116,7500000,106,2,2,1,5,0,0,1,0,0,0,1,0,0,0,0,0,1,0,1,1,1,1,5862.776236,1
28567859,65000000,600,1,0,1,1,0,0,0,0,0,0,0,0,0,0,0,0,0,0,0.9661016949,0.9661016949,0.9661016949,0.9661016949,4337.526647,0.6
28263787,3990000,80,2,2,1,5,0,1,0,0,0,0,0,1,0,0,0,0,1,0,0.3181818182,0.3131313131,0.3181818182,0.3181818182,9387.566885,0.9
28659890,6480000,90,2,2,1,3,0,0,0,0,0,0,0,0,0,0,0,0,1,0,0.7345132743,0.7345132743,0.7345132743,0.7345132743,2072.84549,1
28759411,7095000,160,3,3,1,1,0,0,0,0,0,0,0,0,0,0,0,0,0,0,0.7731092437,0.7731092437,0.7731092437,0.7731092437,5281.160329,0.3
28340757,8000000,104,2,2,1,1,0,0,0,0,0,0,0,0,0,0,0,0,0,0,1,1,1,1,11990.76333,0.6
28067053,6399999,85,3,2,1,1,0,0,0,0,0,0,0,0,0,0,0,0,0,0,0.7731092437,0.7731092437,0.7731092437,0.7731092437,5281.160329,0.3
28607123,5250000,165,2,2,1,30,0,0,1,0,0,0,0,0,1,0,0,0,0,0,0.671875,0.671875,0.671875,0.671875,5123.576071,0.7
28762826,6410000,86,2,2,1,1,0,0,0,0,0,0,0,0,0,0,0,0,0,0,0.848,0.848,0.848,0.848,6035.725162,1
28649505,3300000,45,1,1,1,1,0,1,0,1,0,0,0,1,0,0,0,0,1,0,0.9473684211,0.9473684211,0.9473684211,0.9473684211,1269.456819,0.6
28725763,5950000,217,3,2,1,18,0,0,0,0,0,0,0,0,0,0,0,0,0,0,0.7213930348,0.7213930348,0.7213930348,0.7213930348,15067.1106,0.5
28664272,13859060,105,2,2,1,1,0,0,0,0,0,0,1,0,0,0,0,0,0,0,0.6911764706,0.6911764706,0.6911764706,0.6911764706,3597.749677,1
28785559,31894000,248,3,4,1,1,0,0,0,0,0,0,1,0,1,0,0,0,1,0,0.6911764706,0.6911764706,0.6911764706,0.6911764706,3597.749677,1
28833526,16600000,150,2,2,1,10,0,0,1,0,0,0,1,0,0,0,0,0,0,0,0.6279069767,0.6279069767,0.6279069767,0.6279069767,3516.905428,1
28762834,5500000,149,2,2,1,1,0,0,0,0,0,0,0,0,0,0,0,0,0,0,0.6436363636,0.6436363636,0.6436363636,0.6436363636,15429.38984,0.5
28087157,13800000,287,3,2,1,50,0,1,1,0,0,0,0,0,0,0,0,0,0,0,0.6952054795,0.6952054795,0.6952054795,0.6952054795,2573.359741,1
28425344,5533157,84,2,2,1,1,0,0,1,0,0,0,0,0,0,0,0,0,1,0,0.86,0.855,0.86,0.8575,1100.0592,1
28688798,3300000,82,2,1,1,64,0,0,1,0,0,0,0,0,1,0,0,0,0,0,0.9107142857,0.9107142857,0.9107142857,0.9107142857,3757.546212,0.7
28722578,1700000,60,2,1,1,25,0,0,0,0,0,0,0,0,0,0,0,0,0,0,0.9652173913,0.9652173913,0.9652173913,0.9652173913,1779.750671,1
28690951,8500000,125,2,3,1,1,0,0,1,0,0,0,1,0,0,0,0,0,1,0,0.9166666667,0.9166666667,0.9166666667,0.9166666667,3150.555285,1
28774805,6900000,140,2,2,1,10,0,1,0,1,0,0,0,0,0,0,0,0,1,0,0.5411764706,0.5411764706,0.5411764706,0.5411764706,978.9657217,1
28641555,2025000,51,1,0,1,3,0,0,1,0,0,0,0,0,0,0,0,0,1,0,0.4246575342,0.4246575342,0.4246575342,0.4246575342,5344.466296,1
28517312,8500000,145,2,3,1,23,0,0,1,0,0,0,0,0,1,0,0,0,1,0,0.875,0.875,0.875,0.875,1187.924576,0.6
28721560,4696380,116,3,2,1,1,0,0,0,0,0,0,0,0,0,0,0,0,0,0,0.9565217391,0.9565217391,0.9565217391,0.9565217391,4618.782831,1
27434451,5800000,127,3,2,1,15,0,0,0,0,1,0,0,1,0,0,0,0,1,0,0.942455243,0.942455243,0.942455243,0.942455243,4069.992939,0.3
28543680,2350000,57,3,1,5,1,0,0,0,0,0,0,0,0,0,0,0,0,0,0,0.8971962617,0.8971962617,0.8971962617,0.8971962617,2446.063065,1
28823831,7900000,111,2,2,1,30,0,1,1,0,0,1,0,0,1,0,0,0,1,0,0.6952054795,0.6952054795,0.6952054795,0.6952054795,2584.971841,1
28531160,3345000,114,2,2,1,95,0,0,0,0,0,0,0,0,0,0,0,0,0,0,0.6845794393,0.6822429907,0.6822429907,0.6822429907,3617.614464,1
28332207,13980000,226,3,3,1,1,0,0,0,0,0,0,0,0,0,0,0,0,0,0,0.8,0.8,0.8,0.8,6010.887092,0.5
28781854,6900000,195,3,2,1,49,0,0,1,0,0,0,0,0,1,0,0,0,1,0,0.6528301887,0.6528301887,0.6528301887,0.6528301887,7328.970374,1
28772234,6900000,195,3,2,1,41,0,0,1,0,0,0,0,0,0,0,0,0,1,0,0.8270676692,0.8270676692,0.8270676692,0.8270676692,5824.275487,1
27398915,6975150,73,2,2,1,1,0,0,1,0,0,0,0,0,0,0,0,0,1,0,0.8095238095,0.8095238095,0.8095238095,0.8095238095,4971.273929,1
28543049,2193000,64,2,1,1,7,0,1,0,1,0,0,0,0,0,0,0,0,1,0,0.9345794393,0.9345794393,0.9345794393,0.9345794393,10775.17825,0.5
28546783,16600000,350,3,3,1,1,0,0,1,0,0,0,1,0,0,0,0,0,1,0,0.5517241379,0.5517241379,0.5517241379,0.5517241379,7713.169176,0.5
28811574,8850000,120,2,2,1,4,0,0,1,0,0,0,0,0,0,0,0,1,1,0,0.5517241379,0.5517241379,0.5517241379,0.5517241379,7711.136871,0.5
28566971,9900000,190,2,2,1,8,1,0,0,0,1,0,1,1,0,0,0,0,1,0,1,1,1,1,12006.20767,0.6
28822249,11050000,305,4,3,1,23,1,1,0,1,1,0,0,1,0,0,0,0,1,0,0.7903225806,0.7580645161,0.7903225806,0.7903225806,11722.47528,0.5
28822249,11050000,305,4,3,1,23,1,1,0,1,1,0,0,1,0,0,0,0,1,0,0.9630681818,0.9488636364,0.9602272727,0.9517045455,11722.47528,0.5
28534056,4500000,60,2,2,1,4,0,0,1,0,0,0,0,0,0,0,0,0,1,0,0.901734104,0.901734104,0.901734104,0.901734104,4569.831957,1
28136474,9345000,165,2,2,3,1,0,1,0,1,0,0,1,0,0,0,0,0,0,0,0.7851851852,0.7851851852,0.7851851852,0.7851851852,1993.015911,1
28832029,8976790,172,2,2,1,1,0,1,0,1,0,0,0,1,0,0,0,0,1,0,0.9534883721,0.9534883721,0.9534883721,0.9534883721,1853.071801,1
28635481,5200000,132,2,2,4,1,1,1,0,1,0,0,0,0,0,0,0,0,1,0,0.9736842105,0.9473684211,0.9736842105,0.9736842105,6984.220901,1
27872291,5550000,106,3,2,1,5,1,0,1,0,1,0,0,1,0,0,0,0,1,0,0.5377643505,0.5196374622,0.5377643505,0.5377643505,13742.76659,0.5
24668493,2174848,47,2,1,1,1,0,1,1,0,0,0,0,0,0,0,0,0,1,0,0.8516129032,0.8516129032,0.8516129032,0.8516129032,7767.428112,1
27098264,1850000,60,2,1,4,30,0,1,0,0,0,0,0,0,0,0,0,0,0,0,0.9285714286,0.9285714286,0.9285714286,0.9285714286,13782.42612,1
28488016,4450000,100,3,2,3,16,0,1,0,0,0,0,0,0,0,0,0,0,1,0,0.9903846154,0.9903846154,0.9903846154,0.9903846154,11335.44901,0.6
28762803,4959666,69,2,2,1,1,0,0,0,0,0,0,0,0,0,0,0,0,0,0,0.734375,0.734375,0.734375,0.734375,7204.33786,1
28148926,35000000,423,3,3,1,4,0,0,0,0,1,0,1,1,0,0,0,1,1,0,0.9642857143,0.95,0.9571428571,0.95,10676.78061,0.5
28661123,12500000,244,2,2,1,50,0,0,1,0,1,1,0,1,0,0,0,0,1,0,0.9294117647,0.9294117647,0.9294117647,0.9294117647,14259.71891,0.5
28593742,3700000,65,2,2,1,7,0,0,1,0,1,0,0,1,0,0,0,0,1,0,0.8495575221,0.8259587021,0.8495575221,0.8436578171,10622.61855,0.6
28686940,1708600,40,1,1,1,1,0,0,0,0,0,0,0,0,0,0,0,0,0,0,0.9724770642,0.9724770642,0.9724770642,0.9724770642,3508.768375,1
28686943,1688800,39,1,1,1,1,0,0,0,0,0,0,0,0,0,0,0,0,0,0,0.9724770642,0.9724770642,0.9724770642,0.9724770642,3508.768375,1
26997184,8350000,122,3,2,1,1,0,0,1,0,0,0,1,0,0,0,0,0,1,0,0.9064327485,0.9064327485,0.9064327485,0.9064327485,3601.915525,0.7
27923502,7400000,122,3,2,1,1,0,0,1,0,0,0,1,0,0,0,0,0,1,0,0.9064327485,0.9064327485,0.9064327485,0.9064327485,3601.915525,0.7
28723950,3000000,60,2,1,1,15,0,0,0,0,0,0,0,0,0,0,0,0,0,0,0.9333333333,0.9333333333,0.9333333333,0.9333333333,10629.91712,0.9
28659297,12500000,231,3,3,1,15,0,0,0,0,1,0,1,1,0,0,0,0,1,0,0.9145299145,0.9145299145,0.9145299145,0.9145299145,10373.64258,1
28660151,5990000,86,2,2,1,1,0,0,0,0,0,1,0,0,0,0,0,0,1,0,0.6019417476,0.6019417476,0.6019417476,0.6019417476,399.9342925,1
28660725,4500000,100,2,1,1,42,0,0,0,0,0,0,0,0,0,0,0,0,1,0,0.6019417476,0.6019417476,0.6019417476,0.6019417476,399.9342925,1
28528902,5181660,78,2,2,1,1,0,0,1,0,0,0,0,1,0,0,0,0,1,0,0.7916666667,0.7916666667,0.7916666667,0.7916666667,1035.744175,1
28796290,3450000,135,3,2,1,31,0,0,1,0,0,0,0,0,0,0,0,0,0,0,0.9542682927,0.9542682927,0.9542682927,0.9542682927,12688.31565,0.6
27910829,5710000,74,2,2,1,1,0,1,1,0,0,0,0,1,0,0,0,0,1,0,0.8333333333,0.8333333333,0.8333333333,0.8333333333,6096.861598,1
27912757,6900000,91,2,2,1,1,0,1,0,0,0,0,0,1,0,0,0,0,1,0,0.8333333333,0.8333333333,0.8333333333,0.8333333333,6096.861598,1
28661933,3228642,50,1,1,1,2,0,0,0,0,0,0,1,0,0,0,0,0,0,0,0.7533333333,0.7533333333,0.7533333333,0.7533333333,2277.71593,1
28081657,1680000,63,3,1,2,1,1,0,0,1,0,0,0,0,0,0,0,0,0,0,0.875,0.875,0.875,0.875,6810.522807,0.6
28661334,5800000,157,3,3,1,27,0,0,0,0,1,1,1,0,0,0,0,0,1,0,0.9068965517,0.9051724138,0.9051724138,0.9051724138,11251.54312,0.6
28669216,2300000,30,1,1,1,1,0,1,0,1,1,0,0,1,0,0,0,0,1,0,0.4274193548,0.4274193548,0.4274193548,0.4274193548,1809.20052,1
28588547,2130000,50,2,1,1,1,0,0,0,0,0,0,1,0,0,0,0,0,1,0,0.875,0.875,0.875,0.875,6123.768361,1
28662410,9000000,240,3,3,1,20,0,0,0,0,1,1,0,1,0,0,0,0,1,0,0.9294117647,0.9294117647,0.9294117647,0.9294117647,14259.71891,0.5
28019601,8900000,175,3,4,3,10,0,1,0,1,1,0,0,0,0,0,0,1,1,0,1,1,1,1,14609.32969,0.6
28583528,3950000,153,2,2,1,9,0,0,1,0,0,0,0,0,1,0,0,0,0,0,0.8267716535,0.8346456693,0.8346456693,0.8267716535,6496.023787,1
24668140,1831875,53,2,1,5,1,0,1,1,0,0,0,0,1,0,0,0,0,0,0,0.6266094421,0.6266094421,0.6266094421,0.6266094421,9547.600856,1
